FeatureSet,Model,MAE
全部特征,LGBM,9.928170979467811
全部特征,XGB,9.29438745429221
精选特征,LGBM,10.989917062712506
精选特征,XGB,10.774310560281968
