fold,f1_macro
1,0.8852036572791289
2,0.8071255060728744
3,0.8816132770849752
4,0.9188626907073509
5,0.9290913819108544
