fold,MAE
1,9.901698329688017
2,10.375448530826116
3,10.167646383254295
4,11.435591152672897
5,9.163286637563074
