fold,MAE
1,9.43684306572947
2,9.673724356889373
3,9.356764556102032
4,9.965648400474269
5,9.611975066021156
