fold,f1_macro
1,0.8489097039555755
2,0.8872302207596325
3,0.7992242153855688
4,0.8585452303898904
5,0.8841498190788251
